customer_id,first_name,last_name,email,phone,city
1000,Adam,Gomez,richardsonbeth@example.com,778-791-6319x88630,Lake Davidburgh
1001,Nicholas,Kelley,steven34@example.net,001-343-384-6489,New Keithbury
1002,Linda,Daniels,jeanneolson@example.net,+1-630-762-3131,Port Anneburgh
1003,Thomas,Rogers,rebecca78@example.org,401.971.0539,East Kellyfurt
1004,Robin,Cordova,angela16@example.com,212.540.8289,Travismouth
1005,Ricky,Wallace,mercersharon@example.org,001-398-546-9895x666,Whiteborough
1006,Kevin,Miller,roy77@example.net,001-347-974-5171x998,South Lauraside
1007,Natasha,Mendez,ipeterson@example.org,+1-799-214-6547x024,Michaelberg
1008,Beth,Washington,nelsonlisa@example.com,(883)242-6362x9931,West Samantha
1009,Kenneth,Spencer,coopersamuel@example.com,001-876-802-4249x366,Port Lawrencebury
1010,Emily,Allen,kevin70@example.com,9215506044,North Beckyport
1011,Christopher,Williams,sheri17@example.net,970.919.5956,Port Paulborough
1012,Michael,Herrera,dariuskane@example.net,564.290.2563,New Matthewfort
1013,Stephanie,Merritt,rpearson@example.org,(523)983-7884x221,Mariebury
1014,Debra,Dixon,natalie08@example.net,858.312.2103x002,Williamsburgh
1015,Rebecca,Combs,vporter@example.net,+1-941-969-9888x0420,East Marytown
1016,Michael,Ruiz,chutchinson@example.com,+1-648-625-5836x460,Port Steven
1017,Angel,Weber,bennettjohn@example.com,928.263.6742x234,Port Jill
1018,Jared,Wright,lucas35@example.org,308.909.9154,Lake Christophershire
1019,Dylan,Reed,andrea28@example.org,504.662.0372,East Shannonland
1020,Jillian,Landry,coxjason@example.com,456.789.7230x524,North Jennifermouth
1021,Tamara,Graves,montgomerydevin@example.com,+1-943-696-3717x8042,North Patrick
1022,James,Lane,oalexander@example.org,+1-650-923-0033x1200,Emilyhaven
1023,Justin,Brown,hoffmananthony@example.org,3029355583,Barbaraberg
1024,Justin,Bruce,whitemark@example.com,+1-302-513-3758x0119,Thompsonside
1025,Dominique,Wilkerson,theresamendoza@example.net,526-310-7795x50477,South Dianaville
1026,Russell,Patterson,bookerkevin@example.com,583.760.2730x6178,Stevenmouth
1027,Emma,James,sara45@example.net,(350)823-6909x3804,New Ericfort
1028,Kimberly,Murray,stacywoods@example.com,(663)422-4508,South Joefurt
1029,Dwayne,Price,lwarren@example.net,322.929.9010x56604,North Robertmouth
1030,Lori,Adams,rhonda25@example.org,(494)331-7058x605,Markfort
1031,Jessica,Fitzgerald,kmckinney@example.com,3953813282,New Christopher
1032,Brian,Noble,gerald81@example.org,438-257-1236x0814,Marshallburgh
1033,Debbie,Whitaker,matthew48@example.org,+1-587-275-6364x487,East Lisa
1034,Elizabeth,Douglas,derek42@example.org,+1-973-668-5270x1203,South Julie
1035,Beth,Gonzalez,etaylor@example.net,(363)279-7398x623,Blairberg
1036,Samantha,Wall,anthonyhernandez@example.net,001-335-230-3455x38122,South Ashley
1037,Michelle,Curry,cbenitez@example.com,260.546.6444x7606,East Ginaberg
1038,Donna,Brown,taramccormick@example.org,+1-946-927-6112x84429,Port Nicole
1039,Evelyn,Hudson,jenniferhayes@example.net,+1-606-238-5579x2771,Dunlaptown
1040,Courtney,Pierce,josephserrano@example.org,389.351.3446x556,South Nicoletown
1041,Brianna,Todd,sextonanna@example.com,842-439-7872,Brianmouth
1042,James,Shields,brentpeterson@example.net,001-361-731-2763,Claudiamouth
1043,Chad,Barber,lisalambert@example.org,(575)676-7152x6323,South Jacobhaven
1044,Daniel,Dickerson,jonesann@example.net,(849)489-3360,Lake Joseph
1045,Nicolas,Collier,tiffanyedwards@example.org,(366)374-3782x8846,South Micheal
1046,Ray,Smith,victoriaanderson@example.org,(687)254-5373x3752,West Carlosmouth
1047,John,Bradley,sancheznicholas@example.net,(938)388-3708,North Glenn
1048,Johnny,Turner,theresacummings@example.net,5964316025,Benjaminmouth
1049,Dawn,Perez,johnsonscott@example.net,239.266.6220,Jacksonview
1050,Kaitlyn,Taylor,rmendoza@example.com,(429)259-2924x68420,Williammouth
1051,Sandra,Garrett,johnny11@example.net,570.963.8001x1319,North Amyfort
1052,Ashley,Lewis,harrisjustin@example.net,913.835.8024,West Josephside
1053,Anna,Johnson,lrobinson@example.org,001-477-995-0785,Port Donnaville
1054,Matthew,Miller,woodskatherine@example.net,001-721-262-8612x6172,North Robertville
1055,Andrew,Miller,john77@example.com,(439)491-5239,Edwinhaven
1056,John,Walker,kford@example.net,852.881.5436x476,Jamesburgh
1057,Patrick,Garza,cindy20@example.net,001-814-635-5623x5118,Castilloborough
1058,Allison,Garrett,xdominguez@example.net,(621)568-0094,New Sarahborough
1059,Steven,Walker,whitegabriel@example.net,+1-605-386-3082x826,New Heather
1060,Michael,Sellers,zjones@example.net,353.706.3120x284,Nathanielmouth
1061,Kevin,Ward,james46@example.com,+1-480-631-9514x8472,Pooleville
1062,Donna,Torres,lynchjeffrey@example.com,418-681-1526,West Rachel
1063,Michael,Mcclain,fpeterson@example.org,844.466.9834,Brewerfort
1064,Maria,Hurst,kristensharp@example.com,501.362.6825,Port Amandaberg
1065,Melissa,Wood,laurielewis@example.net,+1-990-761-1174x235,Lake Monique
1066,David,Hernandez,julie13@example.org,945.236.6036x57217,Nguyenland
1067,John,Zhang,angelicaclark@example.com,7294322012,East Virginiashire
1068,Paul,Johnson,sotochristine@example.net,597.206.4810x8972,North Sophiaborough
1069,Tammy,Anderson,kgreen@example.net,516.585.4536x95471,Port Leahview
1070,Sara,Davis,elee@example.net,6724688216,Tannerview
1071,Madison,Schwartz,gutierrezjuan@example.org,(569)426-8143x693,Thomasfort
1072,Jennifer,Mendez,padillacaitlin@example.org,001-642-532-4694,Washingtonmouth
1073,Kyle,Ford,ayersangela@example.org,(878)773-0230,West Sandramouth
1074,Laura,Davis,garymarshall@example.org,001-500-500-5290x6812,Port Nicole
1075,Patricia,Bradley,fitzgeraldmelissa@example.net,(514)527-3210,Jamieburgh
1076,Ashley,Yoder,navarrocarla@example.org,788.919.0027,Clarkview
1077,Jerry,Davidson,cindydavis@example.net,947-559-4880,Millerburgh
1078,Kristopher,Lynn,jacquelinebaker@example.org,001-305-725-3806x66802,South Matthewton
1079,Julie,Fernandez,raymondgonzalez@example.org,332-509-5539x03815,Coleton
1080,Gary,Sloan,adamallen@example.org,+1-470-435-4747x3289,Jamesborough
1081,Chelsea,Hicks,maryjimenez@example.com,710.724.1176x17044,Katherinestad
1082,Jason,Smith,perrynancy@example.com,233.775.4650,Danielletown
1083,Matthew,Carroll,smithjoshua@example.com,855.754.9664x64391,South Williamtown
1084,Kenneth,Campbell,kaylamartin@example.net,+1-731-215-1018x0516,Sharonbury
1085,Andrew,Allen,juliewells@example.org,(395)679-0427,Millerborough
1086,Nicole,Johnson,samanthadyer@example.com,239-648-8139x4244,Ericmouth
1087,Linda,Thornton,deborah86@example.org,561.893.7038,Port Shari
1088,Kayla,Trevino,ibarraterrance@example.com,(602)882-6207,North David
1089,Amy,Edwards,annette91@example.org,(906)949-6727,West Michael
1090,Samantha,Ramos,rachelpineda@example.org,819.207.6385,Port Timothyland
1091,Jared,Cruz,browngrace@example.net,4319826351,Michaelside
1092,Dylan,Thompson,jonesmichael@example.net,001-913-655-5016x18565,Fergusonland
1093,James,Jordan,jimthomas@example.org,+1-405-339-9131x283,West Alexisberg
1094,Carol,Jackson,fwall@example.net,001-482-271-4538x0695,New Jackside
1095,Anne,Jackson,henryswanson@example.net,001-573-992-4379x1410,North Patrickchester
1096,Timothy,Brown,elizabethholmes@example.com,+1-730-264-2465x4615,New Monicafort
1097,Calvin,Brown,reesejacob@example.com,001-896-243-8015x7028,New Cassieview
1098,Melinda,Watts,millerdaniel@example.org,001-495-646-4269,Lake Cassidyland
1099,Randall,Sanchez,leeholmes@example.com,+1-693-227-1697,Stevensside
